<?xml version="1.0" encoding="UTF-8" standalone="yes"?>
<addon id="plugin.video.kaizewiz" name="[B][COLOR=cyan]Kaize Kodi Wizard[/COLOR][/B]" version="1.0.3" provider-name="KaizeKodi">
    <requires>
      <import addon="xbmc.python" version="3.0.1"/>
    </requires>

    <extension point="xbmc.python.pluginsource" library="default.py">
      <provides>executable</provides>
    </extension>
    
    <extension point="xbmc.addon.metadata">
      <summary lang="en">[COLOR=cyan]Kaize Kodi Wizard[/COLOR]</summary>
      <description lang="en">This is Kaize Kodi Wizard.
      Use this to install many different builds.
      </description>
      <platform>all</platform>
      <assets>
			  <icon>icon.png</icon>
			  <fanart>fanart.jpg</fanart>
		  </assets>
    </extension>
  </addon>