<?xml version="1.0" encoding="UTF-8" standalone="yes"?>
<addon id="repository.kaize" name="Kaize Repo" version="1.1.0" provider-name="Kaize">
    <extension point="xbmc.addon.repository" name="Kaize Repo">
		<dir>
			<info compressed="false">https://raw.githubusercontent.com/nzkaize/nzkaize.github.io/main/kaize/_zipfiles/addons.xml</info>
			<checksum>https://raw.githubusercontent.com/nzkaize/nzkaize.github.io/main/kaize/_zipfiles/addons.xml.md5</checksum>
			<datadir zip="true">https://raw.githubusercontent.com/nzkaize/nzkaize.github.io/main/kaize/_zipfiles/</datadir>
			<hashes>false</hashes>
		</dir>
    </extension>
    <extension point="xbmc.addon.metadata">
        <summary lang="en_GB">Kaize Repository</summary>
        <description lang="en_GB">Repo from the Kaize.</description>
        <platform>all</platform>
        <assets>
            <icon>icon.png</icon>
			<fanart>fanart.jpg</fanart>
        </assets>
    </extension>
</addon>