<?xml version="1.0" encoding="UTF-8" standalone="yes"?>
<addon id="plugin.video.KaizeWizard" name="Kaize Wizard" version="1.0.0" provider-name="Kaize">
  <requires>
    <import addon="xbmc.python" version="3.0.1"/>
  </requires>
  <extension point="xbmc.python.pluginsource" library="default.py">
        <provides>video executable</provides>
  </extension>
  <extension point="xbmc.addon.metadata">
    <summary lang="en">Kaize Wizard</summary>
    <description lang="en">Best Kodi Tutorials</description>
	<website>http://SimpleKodi.com</website>
    <platform>all</platform>
  </extension>
</addon>
