<?xml version="1.0" encoding="UTF-8" standalone="yes"?>
<addon id="repository.doomzday" name="Doomzday Repo" version="1.1.0" provider-name="DD Team">
    <extension point="xbmc.addon.repository" name="Doomzday Repo">
		<dir>
			<info compressed="false">https://nzkaize.github.io/simple/_zipfiles/addons.xml</info>
			<checksum>https://nzkaize.github.io/simple/_zipfiles/addons.xml.md5</checksum>
			<datadir zip="true">https://nzkaize.github.io/simple/_zipfiles/</datadir>
			<hashes>false</hashes>
		</dir>
    </extension>
    <extension point="xbmc.addon.metadata">
        <summary lang="en_GB">Doomzday Repository</summary>
        <description lang="en_GB">Repo from the Doomzday Team for you.</description>
        <platform>all</platform>
        <assets>
            <icon>icon.png</icon>
			<fanart>fanart.jpg</fanart>
        </assets>
    </extension>
</addon>