<?xml version="1.0" encoding="UTF-8"?>
<addon id="repository.nzkaize" name="[COLOR orchid]KAIZE REPO[/COLOR]" provider-name="Kaize" version="1.0.0">
	<extension point="xbmc.addon.repository" name="Kaize" >
		<dir>
			<info compressed="false">https://raw.githubusercontent.com/doomzdayteam/repo/master/_zipfiles/addons.xml</info>
			<checksum>https://raw.githubusercontent.com/doomzdayteam/repo/master/_zipfiles/addons.xml.md5</checksum>
			<datadir zip="true">https://raw.githubusercontent.com/doomzdayteam/repo/master/_zipfiles/</datadir>
			<hashes>false</hashes>
		</dir>
		<dir>
            <info compressed="false">https://raw.githubusercontent.com/teamuniversal/scrapers/master/_modules4all/zips/addons.xml</info>
            <checksum>https://raw.githubusercontent.com/teamuniversal/scrapers/master/_modules4all/zips/addons.xml.md5</checksum>
            <datadir zip="true">https://raw.githubusercontent.com/teamuniversal/scrapers/master/_modules4all/zips/</datadir>
        </dir>
        <dir>
           <info compressed="false">https://raw.githubusercontent.com/Gujal00/smrzips/master/addons.xml</info>
           <checksum>https://raw.githubusercontent.com/Gujal00/smrzips/master/addons.xml.md5</checksum>
           <datadir zip="true">https://raw.githubusercontent.com/Gujal00/smrzips/master/zips/</datadir>
        </dir>
	</extension>
	<extension point="xbmc.addon.metadata">
		<summary lang="en">Kaize Repository</summary>
		<description lang="en">Repository from Kaize 1</description>
		<platform>all</platform>
		<license>GNU GENERAL PUBLIC LICENSE.</license>
		<disclaimer lang="en">The author of this addon do not host any of the content which is found and have no affiliation with any of the content providers. This addon simply searches websites for content. Use at your own risk!</disclaimer>
		<assets>
			<icon>icon.png</icon>
			<fanart>fanart.jpg</fanart>
		</assets>
	</extension>
</addon>