<?xml version="1.0" encoding="UTF-8"?>
<addon id="repository.nzkaize" name="[COLOR yellow]KAIZE Repository[/COLOR]" provider-name="Kaize" version="1.0.0">
	<extension point="xbmc.addon.repository" name="Kaize" >
		<dir>
			<info compressed="false">https://raw.githubusercontent.com/nzkaize/nzkaize.github.io/main/nzkaize/_zipfiles/addon.xml</info>
			<checksum>https://raw.githubusercontent.com/nzkaize/nzkaize.github.io/main/nzkaize/_zipfiles/addon.xml.md5</checksum>
			<datadir zip="true">https://raw.githubusercontent.com/nzkaize/nzkaize.github.io/main/nzkaize/_zipfiles/</datadir>
			<hashes>false</hashes>
		</dir>
		<!-- <dir>
			<info compressed="false">http://localhost/nzkaize/_zipfiles/addon.xml</info>
			<checksum>http://localhost/nzkaize/_zipfiles/addon.xml.md5</checksum>
			<datadir zip="true">http://localhost/nzkaize/_zipfiles/</datadir>
			<hashes>false</hashes>
		</dir> -->
	</extension>
	<extension point="xbmc.addon.metadata">
		<summary lang="en">Kaize Repository</summary>
		<description lang="en">Welcome to Repository from Kaize. Free to use.</description>
		<platform>all</platform>
		<license>GNU GENERAL PUBLIC LICENSE.</license>
		<disclaimer lang="en">The author of this addon do not host any of the content which is found and have no affiliation with any of the content providers. This addon simply searches websites for content. Use at your own risk!</disclaimer>
		<assets>
			<icon>icon.png</icon>
			<fanart>fanart.jpg</fanart>
		</assets>
	</extension>
</addon>